Sample,Elapsed (s),Write Speed (MB/s)
1,0.501,718.02
2,1.003,677.23
3,1.504,687.53
4,2.006,692.92
5,2.511,673.24
6,3.012,686.52
7,3.513,686.32
8,4.015,653.40
9,4.518,692.45
10,5.020,669.16
11,5.524,674.51
12,6.027,691.31
13,6.530,692.54
14,7.031,678.55
15,7.535,674.02
16,8.038,644.83
17,8.542,651.06
18,9.045,691.60
19,9.550,665.32
20,10.051,670.92
21,10.552,678.84
22,11.055,643.83
23,11.557,660.53
24,12.058,671.01
25,12.563,658.06
26,13.068,681.23
27,13.568,671.86
28,14.074,624.81
29,14.574,663.73
30,15.076,676.82
31,15.578,645.32
32,16.082,650.40
33,16.600,657.14
34,17.102,661.30
35,17.604,661.31
36,18.105,662.66
37,18.610,641.89
38,19.115,681.39
39,19.615,687.56
40,20.117,652.91
41,20.622,680.96
42,21.124,646.58
43,21.624,671.54
44,22.127,675.70
45,22.629,676.91
46,23.133,659.44
47,23.635,668.47
48,24.140,657.42
49,24.642,685.22
50,25.147,658.10
51,25.649,676.72
52,26.150,607.04
53,26.656,624.47
54,27.158,637.37
55,27.658,623.82
56,28.159,615.06
57,28.661,629.60
58,29.169,646.29
59,29.671,620.71
60,30.172,646.47
61,30.684,657.25
62,31.188,666.64
63,31.690,644.55
64,32.200,588.03
65,32.702,597.67
66,33.205,652.55
67,33.709,627.33
68,34.214,554.48
69,34.718,611.40
70,35.218,630.91
71,35.721,612.81
72,36.223,629.98
73,36.726,644.01
74,37.227,638.68
75,37.729,597.39
76,38.232,635.81
77,38.735,644.68
78,39.235,623.33
79,39.736,623.17
80,40.239,596.15
81,40.742,636.15
82,41.247,649.22
83,41.752,626.76
84,42.257,657.52
85,42.761,634.48
86,43.261,639.81
87,43.765,643.03
88,44.269,634.77
89,44.774,626.08
90,45.278,587.54
91,45.778,607.92
92,46.282,633.90
93,46.787,610.70
94,47.290,643.75
95,47.791,615.31
96,48.296,632.99
97,48.800,626.89
98,49.301,639.25
99,49.802,598.75
100,50.303,599.11
101,50.806,619.48
102,51.308,629.67
103,51.809,607.02
104,52.311,597.94
105,52.818,661.82
106,53.322,666.96
107,53.826,643.13
108,54.329,636.62
109,54.831,653.38
110,55.333,669.39
111,55.847,653.65
112,56.351,682.35
113,56.851,663.93
114,57.351,663.19
115,57.855,682.93
116,58.356,647.13
117,58.859,651.92
118,59.363,658.40
119,59.868,649.26
120,60.371,652.12
121,60.873,629.51
122,61.379,641.30
123,61.885,655.04
124,62.386,646.60
125,62.890,634.93
126,63.391,607.45
127,63.898,599.99
128,64.401,619.40
129,64.904,596.64
130,65.404,623.55
131,65.906,598.45
132,66.415,604.28
133,66.923,622.19
134,67.425,637.72
135,67.929,595.56
136,68.432,636.59
137,68.934,637.49
138,69.437,596.19
139,69.939,596.92
140,70.441,597.66
141,70.952,610.96
142,71.456,658.75
143,71.960,658.11
144,72.463,628.69
145,72.969,632.59
146,73.473,634.12
147,73.977,619.90
148,74.503,562.42
149,75.006,675.51
150,75.507,654.76
151,76.012,610.32
152,76.514,661.50
153,77.016,628.86
154,77.518,598.44
155,78.020,629.50
156,78.520,671.05
157,79.024,651.74
158,79.530,655.77
159,80.033,635.95
160,80.533,639.75
161,81.038,642.15
162,81.542,650.51
163,82.045,644.84
164,82.546,694.07
165,83.060,684.71
166,83.565,673.77
167,84.065,679.17
168,84.568,652.55
169,85.073,649.68
170,85.577,666.18
171,86.078,503.31
172,86.587,306.50
173,87.092,292.85
174,87.601,282.81
175,88.113,273.78
176,88.620,275.91
177,89.125,261.67
178,89.643,262.10
179,90.146,294.57
180,90.650,317.47
181,91.153,294.09
182,91.658,301.13
183,92.170,296.55
184,92.672,278.88
185,93.183,289.82
186,93.693,266.86
187,94.206,288.28
188,94.717,289.76
189,95.229,281.21
190,95.741,273.38
191,96.249,283.41
192,96.761,273.45
193,97.316,194.59
194,97.831,178.75
195,98.332,167.63
196,98.833,159.77
197,99.343,172.55
198,99.871,174.16
199,100.380,172.98
200,100.889,164.97
201,101.394,166.44
202,101.907,163.61
203,102.426,161.71
204,102.945,161.96
205,103.448,167.09
206,103.948,159.82
207,104.474,144.60
208,104.988,179.09
209,105.501,171.49
210,106.015,163.40
211,106.528,163.63
212,107.039,164.45
213,107.550,164.34
214,108.061,164.55
215,108.564,158.92
216,109.085,153.70
217,109.599,163.40
218,110.120,161.13
219,110.631,156.68
220,111.147,147.12
221,111.648,159.67
222,112.164,154.98
223,112.684,153.86
224,113.204,154.07
225,113.705,143.68
226,114.255,138.03
227,114.759,158.72
228,115.264,166.38
229,115.789,152.57
230,116.301,163.80
231,116.805,150.88
232,117.311,158.27
233,117.824,140.26
234,118.331,165.49
235,118.833,151.47
236,119.350,154.66
237,119.863,148.20
238,120.371,157.46
239,120.880,149.46
240,121.387,157.79
241,121.895,141.56
242,122.408,148.31
243,122.912,134.85
244,123.428,147.19
245,123.951,145.57
246,124.487,126.74
247,125.004,162.59
248,125.510,173.92
249,126.014,158.76
250,126.531,169.99
251,127.041,149.13
252,127.561,169.24
253,128.088,159.50
254,128.609,161.20
255,129.125,147.19
256,129.631,150.27
257,130.147,154.89
258,130.666,169.77
259,131.176,156.77
260,131.693,154.76
261,132.210,170.12
262,132.712,167.38
263,133.225,163.79
264,133.764,163.25
265,134.268,166.46
266,134.773,158.54
267,135.299,167.33
268,135.816,154.58
269,136.327,164.40
270,136.835,157.59
271,137.335,159.88
272,137.857,153.28
273,138.400,140.15
274,138.902,167.27
275,139.408,166.05
276,139.916,157.43
277,140.435,161.83
278,140.937,159.40
279,141.449,163.86
280,141.960,156.76
281,142.476,162.55
282,142.977,151.91
283,143.497,161.47
284,144.017,153.84
285,144.546,158.90
286,145.064,138.77
287,145.580,147.45
288,146.092,163.89
289,146.598,174.14
290,147.111,171.62
291,147.611,167.91
292,148.124,163.63
293,148.633,164.98
294,149.150,170.30
295,149.660,156.76
296,150.171,156.60
297,150.674,151.01
298,151.179,166.66
299,151.686,157.57
300,152.187,159.61
301,152.711,152.92
302,153.220,172.74
303,153.731,164.40
304,154.245,171.30
305,154.774,151.22
306,155.284,164.47
307,155.798,155.65
308,156.301,159.17
309,156.822,153.52
310,157.329,165.67
311,157.846,154.71
312,158.360,163.54
313,158.864,158.65
314,159.396,143.02
315,159.905,164.94
316,160.423,154.45
317,160.927,174.40
318,161.445,170.07
319,161.972,167.09
320,162.472,167.70
321,162.978,166.22
322,163.480,159.45
323,163.986,165.96
324,164.499,155.74
325,165.010,164.34
326,165.516,158.09
327,166.018,159.52
328,166.528,156.97
329,167.039,164.14
330,167.561,168.78
331,168.062,159.50
332,168.582,161.73
333,169.088,150.11
334,169.616,166.75
335,170.126,156.86
336,170.645,161.78
337,171.152,157.76
338,171.662,164.87
339,172.182,153.78
340,172.700,162.11
341,173.209,141.55
342,173.732,130.03
343,174.248,162.79
344,174.763,163.01
345,175.279,147.27
346,175.797,162.01
347,176.301,166.87
348,176.809,165.41
349,177.324,155.26
350,177.859,157.12
351,178.380,161.14
352,178.893,155.91
353,179.412,161.88
354,179.915,151.03
355,180.417,151.33
356,180.921,158.84
357,181.424,167.06
358,181.944,161.47
359,182.459,170.93
360,182.965,158.13
361,183.468,159.09
362,183.983,155.28
363,184.499,162.80
364,185.009,148.98
365,185.521,163.85
366,186.041,153.92
367,186.567,159.65
368,187.087,146.19
369,187.616,151.37
370,188.133,162.39
371,188.639,166.04
372,189.149,156.82
373,189.653,158.86
374,190.158,142.37
375,190.668,164.79
376,191.177,164.96
377,191.691,163.38
378,192.198,165.88
379,192.726,151.51
380,193.238,163.89
381,193.758,154.03
382,194.264,142.38
383,194.765,167.63
384,195.275,172.44
385,195.778,158.88
386,196.280,167.39
387,196.798,169.98
388,197.326,159.22
389,197.841,170.65
390,198.346,158.56
391,198.847,151.71
392,199.362,155.33
393,199.887,159.82
394,200.413,159.94
395,200.920,157.77
396,201.444,145.01
397,201.963,169.37
398,202.483,161.57
399,203.007,168.00
400,203.525,162.09
401,204.051,152.27
402,204.552,151.47
403,205.068,147.32
404,205.585,162.53
405,206.091,165.89
406,206.594,159.33
407,207.102,157.22
408,207.606,158.76
409,208.109,151.14
410,208.618,157.12
411,209.139,153.53
412,209.658,169.68
413,210.178,153.91
414,210.697,146.33
415,211.211,148.06
416,211.731,169.00
417,212.248,154.89
418,212.762,155.49
419,213.264,151.55
420,213.778,155.59
421,214.286,149.42
422,214.792,158.26
423,215.308,147.18
424,215.828,154.06
425,216.334,158.11
426,216.843,164.85
427,217.353,156.97
428,217.860,165.58
429,218.374,155.57
430,218.875,143.85
431,219.376,151.59
432,219.877,151.72
433,220.378,159.78
434,220.899,161.23
435,221.404,158.28
436,221.921,154.95
437,222.428,157.75
438,222.940,148.44
439,223.459,169.42
440,223.976,162.41
441,224.488,172.05
442,224.996,102.25
443,225.538,103.45
444,226.066,113.67
445,226.581,100.96
446,227.088,110.31
447,227.590,111.62
448,228.090,151.95
449,228.593,159.17
450,229.110,154.71
451,229.629,161.90
452,230.142,148.18
453,230.661,146.18
454,231.175,163.46
455,231.715,155.65
456,232.220,166.20
457,232.777,129.35
458,233.314,104.32
459,233.838,106.81
460,234.362,99.35
461,234.876,108.83
462,235.395,107.85
463,235.899,135.05
464,236.411,156.36
465,236.929,146.47
466,237.450,161.23
467,237.955,158.55
468,238.483,159.02
469,239.000,100.61
470,239.524,114.58
471,240.043,115.46
472,240.575,97.85
473,241.090,108.74
474,241.600,101.95
475,242.107,157.67
476,242.614,150.09
477,243.116,159.08
478,243.618,159.60
479,244.119,159.55
480,244.639,146.17
481,245.142,158.94
482,245.650,141.74
483,246.153,159.10
484,246.661,141.88
485,247.172,156.39
486,247.687,155.51
487,248.197,164.59
488,248.704,157.82
489,249.207,159.03
490,249.720,156.09
491,250.232,163.99
492,250.743,164.33
493,251.260,162.46
494,251.762,151.49
495,252.265,158.87
496,252.789,114.44
497,253.298,110.14
498,253.834,104.50
499,254.357,99.31
500,254.860,95.58
501,255.381,99.65
502,256.681,3.08
503,257.191,141.30
504,257.706,139.73
505,258.214,141.69
506,258.716,127.45
507,259.219,143.34
508,259.727,133.62
509,260.245,131.52
510,260.749,126.94
511,261.262,140.28
512,261.766,127.09
513,262.280,139.88
514,262.793,124.83
515,263.310,147.06
516,263.826,162.67
517,264.343,162.60
518,264.861,162.16
519,265.380,154.05
520,265.890,157.03
521,266.400,156.67
522,266.911,156.67
523,267.422,148.58
524,267.938,162.78
525,268.459,153.58
526,268.994,104.73
527,269.527,105.06
528,270.046,92.44
529,270.560,101.29
530,271.078,92.64
531,271.579,95.81
532,272.084,166.27
533,272.592,157.47
534,273.105,171.42
535,273.613,157.73
536,274.121,157.31
537,274.634,163.86
538,275.141,157.79
539,275.662,161.18
540,276.183,153.59
541,276.703,145.97
542,277.223,161.52
543,277.751,159.35
544,278.266,147.39
545,278.792,136.85
546,279.308,108.69
547,279.815,102.39
548,280.360,110.09
549,280.873,109.18
550,281.396,99.50
551,281.897,143.80
552,282.398,159.46
553,282.904,166.07
554,283.405,151.73
555,283.908,159.21
556,284.408,151.72
557,284.937,151.37
558,285.446,149.38
559,285.959,155.79
560,286.478,131.18
561,287.002,106.89
562,287.528,106.38
563,288.068,96.26
564,288.584,100.87
565,289.117,112.47
566,289.634,115.99
567,290.150,162.88
568,290.653,158.94
569,291.156,167.26
570,291.658,159.23
571,292.158,151.97
572,292.669,156.59
573,293.188,154.14
574,293.707,146.36
575,294.217,149.15
576,294.719,135.35
577,295.237,162.24
578,295.750,155.85
579,296.265,163.07
580,296.772,150.09
581,297.286,163.28
582,297.810,152.62
583,298.329,154.38
584,298.865,119.29
585,299.388,107.19
586,299.891,95.28
587,300.418,106.28
588,300.926,102.43
589,301.429,95.37
590,301.936,150.09
591,302.445,149.06
592,302.952,142.05
593,303.465,163.93
594,303.979,155.56
595,304.481,159.23
596,305.004,107.21
597,305.537,97.58
598,306.043,94.84
599,306.543,103.97
600,307.059,108.42
601,307.574,101.06
602,308.092,162.09
603,308.612,153.94
604,309.113,151.59
605,309.627,155.83
606,310.139,155.99
607,310.659,138.69
608,311.160,95.65
609,311.669,102.25
610,312.206,96.85
611,312.712,102.66
612,313.237,114.45
613,313.755,123.58
614,314.256,167.59
615,314.770,124.55
616,315.290,107.69
617,315.817,98.60
618,316.320,111.37
619,316.841,107.48
620,317.349,94.50
621,317.874,106.57
622,318.397,99.56
623,318.913,92.94
624,319.439,98.78
625,319.940,151.75
626,320.462,153.23
627,320.983,138.20
628,321.510,151.93
629,322.030,161.37
630,322.545,155.38
631,323.068,160.81
632,323.592,145.09
633,324.096,150.68
634,324.606,133.40
635,325.113,102.51
636,325.636,99.40
637,326.152,108.61
638,326.666,108.80
639,327.192,99.01
640,327.705,124.55
641,328.216,156.62
642,328.735,154.09
643,329.270,142.06
644,329.771,159.67
645,330.275,158.71
646,330.800,129.73
647,331.313,101.32
648,331.847,97.31
649,332.377,105.72
650,332.890,101.28
651,333.401,101.78
652,333.901,151.94
653,334.406,158.42
654,334.925,154.29
655,335.442,154.58
656,335.949,157.82
657,336.473,145.25
658,336.996,160.36
659,337.508,140.64
660,338.009,159.85
661,338.524,163.18
662,339.041,162.39
663,339.544,158.92
664,340.060,155.02
665,340.598,141.35
666,341.117,107.84
667,341.637,92.35
668,342.170,97.49
669,342.688,108.18
670,343.192,103.23
671,343.710,123.57
672,344.226,154.84
673,344.740,155.83
674,345.262,153.07
675,345.772,149.25
676,346.291,154.00
677,346.805,140.14
678,347.320,108.81
679,347.821,95.69
680,348.324,103.46
681,348.844,99.92
682,349.368,91.63
683,349.874,142.17
684,350.394,161.69
685,350.895,167.55
686,351.414,154.19
687,351.943,158.73
688,352.459,147.35
689,352.959,151.97
690,353.474,139.95
691,353.994,138.41
692,354.505,164.50
693,355.006,103.73
694,355.514,102.36
695,356.016,103.66
696,356.541,106.67
697,357.075,97.20
698,357.604,105.93
699,358.126,99.65
700,358.663,96.89
701,359.179,100.74
702,359.689,102.01
703,360.209,92.25
704,360.722,101.41
705,361.249,98.58
706,361.762,124.72
707,362.280,154.43
708,362.785,158.53
709,363.292,157.78
710,363.810,139.05
711,364.315,158.50
712,364.842,159.17
713,365.370,166.60
714,365.887,154.73
715,366.418,150.90
716,366.921,111.22
717,367.449,106.09
718,367.971,107.24
719,368.488,100.64
720,369.020,105.26
721,369.555,97.15
722,370.072,147.15
723,370.590,146.56
724,371.091,95.80
725,371.621,98.18
726,372.132,93.95
727,372.642,86.29
728,373.172,105.59
729,373.702,113.21
730,374.214,156.19
731,374.741,152.04
732,375.248,149.85
733,375.765,146.86
734,376.283,162.39
735,376.852,126.45
736,377.373,107.51
737,377.888,100.99
738,378.418,90.44
739,378.936,100.39
740,379.458,91.93
741,379.959,143.97
742,380.462,158.89
743,380.963,151.69
744,381.475,140.65
745,381.989,155.71
746,382.498,164.85
747,383.013,101.09
748,383.543,113.20
749,384.043,103.96
750,384.586,95.73
751,385.101,108.69
752,385.627,106.58
753,386.151,91.58
754,386.673,107.25
755,387.186,109.07
756,387.709,91.81
757,388.221,101.58
758,388.740,107.87
759,389.274,97.42
760,389.798,129.89
761,390.312,147.63
762,390.840,136.44
763,391.344,150.81
764,391.858,155.70
765,392.369,148.72
766,392.882,163.62
767,393.397,155.42
768,393.902,158.53
769,394.409,157.74
770,394.946,111.77
771,395.467,99.75
772,396.000,97.52
773,396.519,100.24
774,397.043,91.59
775,397.569,98.83
776,398.082,140.51
777,398.583,143.57
778,399.104,107.56
779,399.610,94.92
780,400.139,105.81
781,400.674,112.08
782,401.178,103.10
783,401.694,124.06
784,402.215,153.66
785,402.720,158.51
786,403.224,150.74
787,403.745,153.54
788,404.245,151.92
789,404.761,155.13
790,405.266,150.47
791,405.780,155.52
792,406.288,141.75
793,406.820,135.37
794,407.345,99.03
795,407.850,87.14
796,408.360,101.98
797,408.874,109.01
798,409.386,101.43
799,409.887,143.85
800,410.404,154.84
801,410.935,112.89
802,411.440,103.03
803,411.960,99.96
804,412.471,109.56
805,412.991,99.94
806,413.519,98.61
807,414.031,164.02
808,414.535,150.69
809,415.062,98.63
810,415.606,95.73
811,416.135,98.25
812,416.676,96.07
813,417.200,91.63
814,417.735,119.72
815,418.249,163.21
816,418.760,156.55
817,419.267,157.87
818,419.785,162.34
819,420.301,154.99
820,420.802,159.49
821,421.308,158.27
822,421.831,160.65
823,422.334,151.01
824,422.841,118.34
825,423.356,100.98
826,423.889,97.57
827,424.400,101.66
828,424.917,108.31
829,425.435,92.82
830,425.951,131.58
831,426.455,150.76
832,426.974,154.30
833,427.480,150.17
834,427.997,154.81
835,428.501,150.79
836,429.032,97.81
837,429.553,107.67
838,430.070,92.67
839,430.598,106.14
840,431.131,105.11
841,431.655,91.50
842,432.156,111.84
843,432.704,94.89
844,433.217,101.35
845,433.723,102.78
846,434.267,95.55
847,434.777,101.99
848,435.322,88.05
849,435.846,122.18
850,436.359,163.87
851,436.864,158.35
852,437.377,163.89
853,437.886,157.16
854,438.388,151.36
855,438.911,160.48
856,439.417,158.06
857,439.928,148.66
858,440.448,161.81
859,440.960,148.46
860,441.471,156.37
861,441.987,155.06
862,442.501,155.78
863,443.003,87.53
864,443.524,99.86
865,444.035,109.59
866,444.558,99.39
867,445.082,107.00
868,445.608,106.36
869,446.111,95.40
870,446.636,99.14
871,447.159,99.33
872,447.674,93.20
873,448.205,105.47
874,448.729,99.33
875,449.230,103.69
876,449.744,124.45
877,450.263,138.97
878,450.767,126.97
879,451.280,101.23
880,451.786,86.93
881,452.318,97.91
882,452.823,102.87
883,453.325,87.69
884,453.847,107.28
885,454.348,151.64
886,454.858,156.97
887,455.360,159.42
888,455.887,166.88
889,456.400,155.76
890,456.909,157.38
891,457.414,150.56
892,457.914,159.71
893,458.433,154.16
894,458.941,157.58
895,459.447,150.10
896,459.957,157.02
897,460.476,154.23
898,460.977,103.72
899,461.497,92.37
900,462.020,106.98
901,462.564,110.32
902,463.070,102.70
903,463.575,102.97
904,464.100,99.21
905,464.609,94.13
906,465.133,99.29
907,465.653,115.33
908,466.168,147.56
909,466.677,141.68
910,467.214,96.77
911,467.750,104.55
912,468.261,101.60
913,468.789,98.64
914,469.312,99.29
915,469.826,132.47
916,470.336,148.98
917,470.850,139.93
918,471.367,139.45
919,471.880,155.81
920,472.402,153.23
921,472.920,162.13
922,473.439,161.89
923,473.940,151.77
924,474.445,158.57
925,474.966,115.11
926,475.488,99.58
927,475.993,103.00
928,476.522,98.18
929,477.040,92.78
930,477.557,100.45
931,478.123,92.02
932,478.661,103.96
933,479.183,107.35
934,479.691,94.50
935,480.205,101.09
936,480.740,97.17
937,481.271,97.96
938,481.772,103.91
939,482.276,111.00
940,482.791,101.01
941,483.319,105.99
942,483.844,137.18
943,484.350,150.18
944,484.853,151.20
945,485.355,151.21
946,485.861,150.40
947,486.372,140.95
948,486.885,155.82
949,487.402,147.07
950,487.905,158.86
951,488.429,145.22
952,488.932,103.25
953,489.461,98.39
954,489.968,94.57
955,490.477,102.21
956,491.024,95.06
957,491.549,114.33
958,492.063,155.73
959,492.592,158.81
960,493.115,106.99
961,493.629,101.25
962,494.139,101.94
963,494.709,98.12
964,495.228,100.20
965,495.746,100.46
966,496.271,91.47
967,496.784,101.42
968,497.318,97.33
969,497.826,125.90
970,498.336,149.21
971,498.850,132.23
972,499.358,165.16
973,499.859,159.89
974,500.379,161.42
975,500.895,147.19
976,501.410,155.35
977,501.938,151.66
978,502.452,147.92
979,502.995,103.11
980,503.497,103.58
981,504.019,99.61
982,504.533,93.39
983,505.054,99.82
984,505.558,103.20
985,506.074,147.26
986,506.602,151.36
987,507.108,142.33
988,507.614,150.39
989,508.139,136.91
990,508.660,153.75
991,509.182,99.52
992,509.711,105.87
993,510.220,110.12
994,510.757,96.82
995,511.260,111.38
996,511.766,134.25
997,512.275,149.48
998,512.804,120.79
999,513.342,96.63
1000,513.856,101.32
1001,514.362,102.70
1002,514.876,93.45
1003,515.399,99.37
1004,515.911,132.91
1005,516.412,151.69
1006,516.921,141.49
1007,517.427,165.89
1008,517.946,154.19
1009,518.457,156.40
1010,518.971,155.57
1011,519.476,150.75
1012,519.988,148.39
1013,520.490,151.26
1014,520.997,142.17
1015,521.524,151.65
1016,522.038,140.21
1017,522.540,151.29
1018,523.047,102.58
1019,523.560,93.54
1020,524.107,95.11
1021,524.607,95.98
1022,525.125,92.57
1023,525.655,98.14
1024,526.198,95.76
1025,526.707,94.34
1026,527.208,103.86
1027,527.740,105.26
1028,528.249,94.34
1029,528.763,108.93
1030,529.326,99.46
1031,529.828,143.22
1032,530.335,157.87
1033,530.837,119.45
1034,531.362,99.06
1035,531.887,91.44
1036,532.415,106.04
1037,532.941,99.00
1038,533.468,91.06
1039,533.972,103.11
1040,534.481,102.16
1041,535.026,95.43
1042,535.533,102.62
1043,536.036,166.88
1044,536.555,154.24
1045,537.059,158.84
1046,537.562,159.05
1047,538.065,151.07
1048,538.574,149.09
1049,539.098,106.93
1050,539.628,90.52
1051,540.139,101.89
1052,540.680,103.53
1053,541.189,94.18
1054,541.714,99.11
1055,542.251,104.32
1056,542.755,95.18
1057,543.294,103.93
1058,543.805,125.21
1059,544.322,139.40
1060,544.846,129.55
1061,545.363,92.96
1062,545.893,98.06
1063,546.464,91.06
1064,546.987,107.00
1065,547.508,107.63
1066,548.015,102.45
1067,548.551,104.44
1068,549.057,110.88
1069,549.572,100.97
1070,550.088,162.64
1071,550.605,154.86
1072,551.148,103.03
1073,551.652,103.21
1074,552.180,90.92
1075,552.688,102.29
1076,553.218,98.15
1077,553.727,109.97
1078,554.251,152.77
1079,554.762,140.98
1080,555.274,156.11
1081,555.774,159.97
1082,556.281,157.80
1083,556.801,153.90
1084,557.314,163.78
1085,557.816,151.49
1086,558.331,155.26
1087,558.832,151.66
1088,559.367,149.45
1089,559.869,151.51
1090,560.400,143.08
1091,560.916,155.02
1092,561.417,143.63
1093,561.928,148.91
1094,562.436,149.55
1095,562.941,110.97
1096,563.452,93.83
1097,563.980,98.49
1098,564.489,110.05
1099,565.010,99.84
1100,565.512,87.61
1101,566.014,167.52
1102,566.519,150.46
1103,567.034,100.91
1104,567.559,106.76
1105,568.081,91.92
1106,568.606,99.02
1107,569.123,108.22
1108,569.626,95.59
1109,570.142,154.90
1110,570.658,131.80
1111,571.180,99.67
1112,571.701,99.81
1113,572.219,100.27
1114,572.727,110.32
1115,573.259,105.16
1116,573.763,95.24
1117,574.276,101.38
1118,574.787,101.91
1119,575.306,92.39
1120,575.816,141.27
1121,576.320,142.83
1122,576.834,155.75
1123,577.338,142.82
1124,577.843,158.36
1125,578.354,140.93
1126,578.890,119.40
1127,579.461,97.96
1128,580.006,102.80
1129,580.512,102.83
1130,581.077,77.83
1131,581.599,99.63
1132,582.099,95.95
1133,582.670,91.10
1134,583.185,93.17
1135,583.712,121.42
1136,584.220,157.66
1137,584.728,133.75
1138,585.257,98.26
1139,585.771,109.01
1140,586.287,100.86
1141,586.803,100.71
1142,587.320,100.57
1143,587.839,131.11
1144,588.356,146.81
1145,588.872,147.45
1146,589.382,148.88
1147,589.890,149.83
1148,590.395,142.58
1149,590.909,124.31
1150,591.419,94.10
1151,591.962,110.62
1152,592.501,103.80
1153,593.020,100.24
1154,593.541,107.58
1155,594.046,150.46
1156,594.548,159.18
1157,595.067,100.16
1158,595.588,92.28
1159,596.102,101.11
1160,596.662,92.82
1161,597.190,106.07
1162,597.692,119.52
1163,598.207,147.73
1164,598.709,135.24
1165,599.212,95.52
1166,599.723,93.97
1167,600.235,93.69
1168,600.797,99.58
1169,601.301,103.26
1170,601.819,131.21
1171,602.335,139.72
1172,602.841,157.83
1173,603.342,159.86
1174,603.862,161.60
1175,604.384,160.86
1176,604.900,162.76
1177,605.421,145.87
1178,605.962,155.23
1179,606.480,154.53
1180,606.992,101.51
1181,607.504,93.69
1182,608.047,95.81
1183,608.560,101.38
1184,609.075,93.18
1185,609.579,103.30
1186,610.084,102.83
1187,610.603,92.59
1188,611.124,107.40
1189,611.642,115.78
1190,612.154,148.44
1191,612.667,156.04
1192,613.171,150.77
1193,613.704,150.28
1194,614.205,151.59
1195,614.750,124.66
1196,615.262,93.83
1197,615.780,100.30
1198,616.311,98.01
1199,616.823,93.83
1200,617.335,101.46
1201,617.848,101.27
1202,618.375,83.60
1203,618.886,109.61
1204,619.389,103.24
1205,619.906,131.67
1206,620.436,135.88
1207,620.954,154.49
1208,621.467,163.73
1209,621.983,154.88
1210,622.498,155.39
1211,623.013,93.14
1212,623.534,99.83
1213,624.041,102.65
1214,624.554,93.54
1215,625.057,103.30
1216,625.563,102.89
1217,626.064,135.53
1218,626.571,142.08
1219,627.098,91.18
1220,627.639,96.05
1221,628.145,110.68
1222,628.664,115.47
1223,629.170,110.74
1224,629.696,121.83
1225,630.196,159.89
1226,630.725,128.59
1227,631.254,98.31
1228,631.775,99.67
1229,632.309,89.86
1230,632.825,100.91
1231,633.356,97.96
1232,633.900,88.15
1233,634.440,103.65
1234,634.946,102.81
1235,635.456,94.21
1236,635.959,142.94
1237,636.480,145.89
1238,636.994,147.89
1239,637.506,140.67
1240,638.023,162.64
1241,638.542,146.22
1242,639.048,142.37
1243,639.562,155.75
1244,640.071,157.02
1245,640.594,153.11
1246,641.117,106.93
1247,641.639,107.30
1248,642.145,94.82
1249,642.685,103.84
1250,643.224,103.86
1251,643.738,85.63
1252,644.251,101.35
1253,644.769,100.29
1254,645.287,92.64
1255,645.799,125.00
1256,646.314,139.82
1257,646.838,160.46
1258,647.349,164.44
1259,647.860,164.30
1260,648.383,160.57
1261,648.929,117.34
1262,649.439,101.81
1263,649.942,103.48
1264,650.455,101.37
1265,650.965,94.12
1266,651.490,98.94
1267,652.029,96.50
1268,652.551,91.95
1269,653.075,99.18
1270,653.593,100.49
1271,654.111,84.90
1272,654.643,97.78
1273,655.173,105.69
1274,655.677,111.15
1275,656.182,150.39
1276,656.701,131.12
1277,657.204,103.24
1278,657.721,100.73
1279,658.266,87.93
1280,658.779,109.23
1281,659.283,103.17
1282,659.785,127.64
1283,660.292,157.62
1284,660.805,156.10
1285,661.322,162.29
1286,661.841,154.09
1287,662.342,151.89
1288,662.859,108.28
1289,663.390,97.92
1290,663.895,102.89
1291,664.420,91.41
1292,664.929,94.38
1293,665.442,93.66
1294,665.968,106.29
1295,666.478,109.87
1296,667.031,101.34
1297,667.533,111.60
1298,668.037,158.50
1299,668.557,146.21
1300,669.072,100.96
1301,669.577,95.13
1302,670.101,106.80
1303,670.605,103.23
1304,671.117,85.98
1305,671.630,101.32
1306,672.151,99.81
1307,672.676,98.90
1308,673.181,103.01
1309,673.683,111.67
1310,674.195,148.28
1311,674.722,136.82
1312,675.242,92.26
1313,675.760,100.27
1314,676.288,106.08
1315,676.790,95.62
1316,677.299,94.44
1317,677.817,115.67
1318,678.342,152.44
1319,678.844,127.46
1320,679.363,100.21
1321,679.891,105.97
1322,680.396,111.07
1323,680.911,93.13
1324,681.439,106.16
1325,681.947,141.63
1326,682.466,154.19
1327,682.975,110.06
1328,683.484,94.18
1329,683.996,101.66
1330,684.503,102.63
1331,685.024,84.42
1332,685.560,89.55
1333,686.086,151.99
1334,686.600,155.70
1335,687.124,106.78
1336,687.646,99.71
1337,688.190,102.93
1338,688.722,97.72
1339,689.265,103.20
1340,689.787,107.25
1341,690.292,94.96
1342,690.806,101.31
1343,691.311,95.03
1344,691.819,125.87
1345,692.323,150.73
1346,692.849,136.97
1347,693.350,151.70
1348,693.875,144.73
1349,694.389,148.01
1350,694.889,103.88
1351,695.413,91.57
1352,695.924,109.72
1353,696.485,92.68
1354,697.017,97.66
1355,697.536,92.48
1356,698.041,95.02
1357,698.554,109.34
1358,699.080,106.32
1359,699.591,101.77
1360,700.114,160.72
1361,700.620,150.14
1362,701.140,153.86
1363,701.667,151.82
1364,702.174,157.78
1365,702.702,128.85
1366,703.231,98.27
1367,703.750,92.56
1368,704.273,91.76
1369,704.785,101.41
1370,705.295,102.02
1371,705.802,94.74
1372,706.335,105.10
1373,706.835,111.89
1374,707.337,95.62
1375,707.853,108.51
1376,708.371,108.21
1377,708.910,96.50
1378,709.435,106.55
1379,709.957,99.70
1380,710.497,88.82
1381,711.017,100.05
1382,711.536,100.20
1383,712.039,142.95
1384,712.557,146.88
1385,713.057,151.83
1386,713.564,157.94
1387,714.073,149.41
1388,714.582,141.47
1389,715.107,91.41
1390,715.645,104.11
1391,716.187,103.30
1392,716.703,85.17
1393,717.218,108.74
1394,717.739,107.47
1395,718.252,101.45
1396,718.773,107.53
1397,719.276,103.42
1398,719.797,122.80
1399,720.300,166.96
1400,720.819,146.30
1401,721.342,153.18
1402,721.850,141.60
1403,722.373,145.26
1404,722.875,111.54
1405,723.383,94.50
1406,723.903,100.08
1407,724.412,102.18
1408,724.941,105.92
1409,725.441,103.92
1410,725.946,158.32
1411,726.447,151.68
1412,726.956,110.12
1413,727.479,99.33
1414,728.002,91.78
1415,728.523,107.60
1416,729.053,98.01
1417,729.561,86.74
1418,730.074,101.20
1419,730.609,97.34
1420,731.139,98.02
1421,731.648,117.83
1422,732.151,151.07
1423,732.660,149.50
1424,733.165,102.92
1425,733.701,89.61
1426,734.218,108.24
1427,734.745,106.28
1428,735.271,98.86
1429,735.782,133.04
1430,736.293,140.93
1431,736.806,155.83
1432,737.319,148.35
1433,737.830,164.33
1434,738.340,156.80
1435,738.858,162.06
1436,739.362,151.03
1437,739.882,161.50
1438,740.409,136.54
1439,740.914,110.85
1440,741.430,92.98
1441,741.968,96.67
1442,742.470,103.67
1443,743.000,98.08
1444,743.522,107.35
1445,744.036,155.52
1446,744.540,150.80
1447,745.054,101.23
1448,745.576,99.50
1449,746.089,101.42
1450,746.603,101.17
1451,747.104,87.83
1452,747.610,102.75
1453,748.114,95.37
1454,748.618,87.30
1455,749.130,101.42
1456,749.646,116.46
1457,750.165,146.21
1458,750.686,138.27
1459,751.211,99.09
1460,751.727,100.73
1461,752.263,97.10
1462,752.778,100.92
1463,753.292,108.98
1464,753.835,132.54
1465,754.349,147.80
1466,754.852,119.38
1467,755.374,99.49
1468,755.875,103.87
1469,756.386,109.66
1470,756.913,98.68
1471,757.418,110.91
1472,757.994,97.22
1473,758.525,105.45
1474,759.045,107.63
1475,759.556,93.94
1476,760.087,105.44
1477,760.589,103.66
1478,761.116,98.56
1479,761.635,115.70
1480,762.136,135.66
1481,762.658,153.32
1482,763.166,157.51
1483,763.679,171.31
1484,764.183,158.96
1485,764.687,158.64
1486,765.192,150.57
1487,765.699,157.58
1488,766.200,151.91
1489,766.727,136.52
1490,767.256,90.70
1491,767.775,100.20
1492,768.296,107.54
1493,768.838,95.88
1494,769.352,109.03
1495,769.863,109.66
1496,770.382,92.42
1497,770.914,97.83
1498,771.425,109.53
1499,771.943,100.41
1500,772.464,107.46
1501,772.975,101.69
1502,773.502,83.53
1503,774.009,102.65
1504,774.580,98.01
1505,775.104,106.95
1506,775.618,116.57
1507,776.131,163.66
1508,776.634,151.29
1509,777.172,96.66
1510,777.702,105.62
1511,778.214,101.59
1512,778.725,93.88
1513,779.236,101.86
1514,779.749,124.67
1515,780.277,151.62
1516,780.799,137.78
1517,781.310,164.35
1518,781.821,164.37
1519,782.338,162.56
1520,782.848,125.55
1521,783.377,98.33
1522,783.902,98.97
1523,784.403,103.71
1524,784.905,87.73
1525,785.418,101.44
1526,785.918,95.92
1527,786.426,86.60
1528,786.943,92.81
1529,787.480,96.95
1530,788.000,92.26
1531,788.520,99.90
1532,789.041,99.82
1533,789.552,93.99
1534,790.072,146.11
1535,790.589,139.24
1536,791.105,155.28
1537,791.605,151.88
1538,792.113,149.57
1539,792.641,128.79
1540,793.149,102.46
1541,793.657,110.24
1542,794.170,93.48
1543,794.683,101.30
1544,795.208,106.80
1545,795.740,97.73
1546,796.244,111.01
1547,796.760,100.88
1548,797.281,92.04
1549,797.799,131.41
1550,798.307,149.43
1551,798.822,116.55
1552,799.335,101.48
1553,799.866,82.81
1554,800.377,93.91
1555,800.883,110.65
1556,801.411,98.46
1557,801.919,149.66
1558,802.429,149.06
1559,802.947,115.91
1560,803.463,100.74
1561,803.973,93.98
1562,804.489,100.89
1563,804.989,95.98
1564,805.521,97.80
1565,806.023,95.48
1566,806.547,99.23
1567,807.064,85.15
1568,807.574,101.89
1569,808.105,105.59
1570,808.636,97.91
1571,809.142,102.68
1572,809.668,114.20
1573,810.173,150.44
1574,810.676,143.02
1575,811.189,148.16
1576,811.692,151.06
1577,812.216,145.03
1578,812.738,145.77
1579,813.238,152.00
1580,813.746,157.31
1581,814.260,171.29
1582,814.767,149.86
1583,815.284,162.65
1584,815.791,149.74
1585,816.319,151.50
1586,816.824,118.84
1587,817.340,100.75
1588,817.860,100.09
1589,818.366,94.75
1590,818.871,103.04
1591,819.378,110.54
1592,819.889,140.91
1593,820.395,165.90
1594,820.925,105.72
1595,821.439,108.83
1596,821.966,106.39
1597,822.488,99.55
1598,822.998,109.88
1599,823.506,102.38
1600,824.033,91.04
1601,824.541,102.40
1602,825.053,101.54
1603,825.575,99.50
1604,826.081,102.92
1605,826.604,106.90
1606,827.141,96.90
1607,827.660,107.80
1608,828.178,92.78
1609,828.696,100.33
1610,829.228,97.80
1611,829.752,99.17
1612,830.280,106.11
1613,830.788,102.42
1614,831.297,94.21
1615,831.816,92.47
1616,832.343,106.25
1617,832.847,103.33
1618,833.350,103.38
1619,833.860,148.97
1620,834.368,157.37
1621,834.869,127.81
1622,835.370,95.76
1623,835.915,102.71
1624,836.435,107.83
1625,836.950,93.17
1626,837.450,103.92
1627,837.957,150.10
1628,838.457,143.78
1629,838.979,99.76
1630,839.485,102.67
1631,839.994,109.91
1632,840.513,100.20
1633,841.014,111.90
1634,841.542,106.01
1635,842.068,98.89
1636,842.578,101.89
1637,843.089,101.82
1638,843.607,100.44
1639,844.127,107.65
1640,844.637,102.05
1641,845.141,95.12
1642,845.662,115.29
1643,846.175,155.89
1644,846.683,157.43
1645,847.200,154.84
1646,847.700,159.72
1647,848.245,139.51
1648,848.750,166.27
1649,849.266,155.04
1650,849.767,159.71
1651,850.268,143.70
1652,850.776,157.56
1653,851.287,156.49
1654,851.804,162.65
1655,852.329,152.28
1656,852.830,167.84
1657,853.341,156.52
1658,853.848,157.65
1659,854.353,150.50
1660,854.869,116.36
1661,855.386,92.79
1662,855.889,95.35
1663,856.391,103.69
1664,856.896,102.90
1665,857.415,107.89
1666,857.924,149.40
1667,858.428,166.67
1668,858.958,113.26
1669,859.501,95.77
1670,860.025,106.76
1671,860.565,96.28
1672,861.069,103.22
1673,861.578,110.10
1674,862.088,149.11
1675,862.598,148.75
1676,863.112,93.40
1677,863.640,106.13
1678,864.148,102.40
1679,864.677,98.25
1680,865.207,98.18
1681,865.715,110.28
1682,866.221,165.79
1683,866.736,132.18
1684,867.245,94.29
1685,867.747,103.57
1686,868.270,107.09
1687,868.786,93.03
1688,869.305,107.76
1689,869.818,109.36
1690,870.323,102.78
1691,870.848,106.85
1692,871.369,107.34
1693,871.907,96.66
1694,872.430,107.04
1695,872.953,99.47
1696,873.480,106.37
1697,873.994,155.47
1698,874.506,156.35
1699,875.027,99.84
1700,875.565,89.25
1701,876.086,99.72
1702,876.598,109.35
1703,877.120,99.73
1704,877.640,107.62
1705,878.157,108.25
1706,878.674,100.57
1707,879.204,105.70
1708,879.726,122.53
1709,880.232,166.18
1710,880.737,150.33
1711,881.263,152.34
1712,881.788,152.38
1713,882.316,159.07
1714,882.857,110.85
1715,883.360,103.36
1716,883.883,107.08
1717,884.384,95.85
1718,884.914,98.00
1719,885.438,106.98
1720,885.957,92.54
1721,886.483,106.32
1722,886.994,101.81
1723,887.511,92.78
1724,888.018,102.58
1725,888.527,102.27
1726,889.052,99.06
1727,889.558,110.67
1728,890.073,162.87
1729,890.604,150.81
1730,891.119,108.63
1731,891.660,96.20
1732,892.180,107.73
1733,892.714,97.42
1734,893.237,107.03
1735,893.747,125.39
1736,894.274,144.37
1737,894.819,117.40
1738,895.321,103.50
1739,895.847,106.53
1740,896.350,111.23
1741,896.864,101.17
1742,897.387,107.17
1743,897.914,144.12
1744,898.431,154.82
1745,898.932,119.84
1746,899.453,99.75
1747,899.970,108.35
1748,900.470,95.95
1749,901.012,95.95
1750,901.520,102.27
1751,902.089,98.54
1752,902.615,106.39
1753,903.136,107.58
1754,903.643,94.68
1755,904.155,109.33
1756,904.665,101.82
1757,905.213,87.61
1758,905.730,108.30
1759,906.238,102.40
1760,906.740,95.60
1761,907.251,101.78
1762,907.813,92.58
1763,908.358,95.31
1764,908.877,108.06
1765,909.398,99.78
1766,909.907,102.21
1767,910.413,102.67
1768,910.933,107.77
1769,911.447,93.31
1770,911.980,97.66
1771,912.511,105.32
1772,913.038,98.70
1773,913.547,94.35
1774,914.058,109.65
1775,914.560,87.51
1776,915.062,103.58
1777,915.564,103.59
1778,916.081,131.68
1779,916.600,161.88
1780,917.109,164.82
1781,917.629,161.63
1782,918.133,166.62
1783,918.673,133.40
1784,919.175,103.55
1785,919.700,106.73
1786,920.218,92.56
1787,920.745,98.78
1788,921.249,95.11
1789,921.755,87.08
1790,922.259,103.08
1791,922.788,98.36
1792,923.315,98.62
1793,923.828,101.35
1794,924.364,97.12
1795,924.882,92.57
1796,925.409,98.74
1797,925.925,139.46
1798,926.444,154.29
1799,926.967,152.95
1800,927.471,142.68
1801,927.982,148.70
1802,928.493,148.81
1803,929.017,106.99
1804,929.546,98.14
1805,930.060,108.98
1806,930.573,101.39
1807,931.083,101.93
1808,931.627,102.93
1809,932.130,103.40
1810,932.636,94.98
1811,933.155,100.20
1812,933.687,112.76
1813,934.197,156.67
1814,934.781,116.57
1815,935.303,91.92
1816,935.814,109.48
1817,936.334,100.07
1818,936.857,107.11
1819,937.400,110.55
1820,937.902,143.32
1821,938.424,160.95
1822,938.934,156.84
1823,939.438,158.70
1824,939.957,146.52
1825,940.467,156.79
1826,940.971,103.08
1827,941.498,98.70
1828,942.026,106.05
1829,942.554,91.00
1830,943.083,105.88
1831,943.584,103.67
1832,944.117,135.11
1833,944.619,159.41
1834,945.137,92.67
1835,945.647,102.03
1836,946.164,100.51
1837,946.689,83.88
1838,947.208,100.09
1839,947.713,118.80
1840,948.238,160.12
1841,948.821,123.47
1842,949.326,110.80
1843,949.839,101.44
1844,950.352,93.49
1845,950.856,103.16
1846,951.372,100.92
1847,951.890,92.59
1848,952.409,100.13
1849,952.932,99.61
1850,953.454,91.90
1851,953.965,93.88
1852,954.478,93.57
1853,955.048,91.23
1854,955.562,108.95
1855,956.072,109.91
1856,956.598,98.86
1857,957.098,103.82
1858,957.601,111.48
1859,958.105,150.66
1860,958.606,159.76
1861,959.134,143.87
1862,959.658,152.68
1863,960.188,143.44
1864,960.707,131.14
1865,961.214,94.59
1866,961.742,106.06
1867,962.278,97.02
1868,962.812,89.96
1869,963.352,103.66
1870,963.869,139.31
1871,964.369,135.98
1872,964.886,154.60
1873,965.397,148.66
1874,965.908,141.02
1875,966.423,147.50
1876,966.954,158.38
1877,967.466,163.81
1878,967.977,156.53
1879,968.484,165.89
1880,968.988,95.21
1881,969.496,94.55
1882,970.017,99.70
1883,970.535,100.39
1884,971.051,93.05
1885,971.573,107.31
1886,972.084,140.84
1887,972.605,138.34
1888,973.105,151.96
1889,973.617,171.71
1890,974.130,155.98
1891,974.657,159.49
1892,975.173,147.31
1893,975.692,153.98
1894,976.206,147.85
1895,976.722,154.97
1896,977.230,141.80
1897,977.749,154.06
1898,978.256,150.09
1899,978.765,149.29
1900,979.292,151.85
1901,979.809,139.10
1902,980.317,157.65
1903,980.833,154.97
1904,981.346,148.06
1905,981.871,137.17
1906,982.373,159.29
1907,982.892,123.40
1908,983.408,100.73
1909,983.915,110.46
1910,984.427,101.54
1911,984.948,99.82
1912,985.465,100.62
1913,985.993,106.18
1914,986.502,94.16
1915,987.026,99.23
1916,987.530,103.17
1917,988.066,97.11
1918,988.615,101.95
1919,989.135,92.33
1920,989.636,87.84
1921,990.175,111.30
1922,990.697,107.36
1923,991.203,102.67
1924,991.735,105.36
1925,992.246,101.76
1926,992.762,108.46
1927,993.266,111.03
1928,993.776,86.36
1929,994.305,105.72
1930,994.831,106.46
1931,995.346,85.56
1932,995.850,95.16
1933,996.360,94.09
1934,996.868,86.65
1935,997.383,100.96
1936,997.888,103.05
1937,998.421,90.01
1938,998.925,103.09
1939,999.444,100.20
1940,999.957,140.50
1941,1000.473,139.55
1942,1000.988,147.42
1943,1001.493,158.54
1944,1002.041,138.69
1945,1002.571,158.45
1946,1003.092,161.37
1947,1003.609,170.04
1948,1004.126,154.79
1949,1004.650,160.27
1950,1005.169,146.34
1951,1005.670,159.83
1952,1006.171,151.63
1953,1006.681,156.98
1954,1007.193,140.42
1955,1007.699,142.41
1956,1008.205,158.06
1957,1008.713,157.54
1958,1009.235,153.37
1959,1009.760,152.16
1960,1010.266,158.11
1961,1010.774,126.03
1962,1011.308,97.46
1963,1011.825,100.60
1964,1012.382,93.30
1965,1012.899,100.51
1966,1013.402,103.47
1967,1013.910,94.51
1968,1014.432,99.49
1969,1014.946,101.21
1970,1015.452,94.84
1971,1015.979,106.40
1972,1016.493,101.09
1973,1017.015,91.94
1974,1017.552,96.83
1975,1018.079,106.33
1976,1018.609,98.14
1977,1019.127,100.39
1978,1019.672,110.06
1979,1020.194,145.55
1980,1020.720,136.80
1981,1021.228,94.50
1982,1021.738,102.03
1983,1022.275,104.33
1984,1022.801,98.69
1985,1023.312,101.78
1986,1023.817,134.64
1987,1024.337,153.99
1988,1024.853,147.19
1989,1025.357,150.79
1990,1025.858,143.89
1991,1026.388,135.79
1992,1026.917,113.49
1993,1027.425,102.37
1994,1027.949,106.70
1995,1028.482,105.19
1996,1029.010,98.52
1997,1029.534,106.73
1998,1030.078,95.55
1999,1030.592,101.25
2000,1031.102,102.02
2001,1031.609,110.43
2002,1032.113,150.65
2003,1032.627,124.57
2004,1033.158,97.91
2005,1033.676,100.42
2006,1034.190,93.31
2007,1034.714,99.32
2008,1035.226,101.53
2009,1035.741,124.36
2010,1036.263,153.14
2011,1036.767,142.99
2012,1037.286,161.83
2013,1037.803,154.51
2014,1038.315,140.67
2015,1038.844,158.94
2016,1039.360,154.89
2017,1039.862,143.51
2018,1040.371,164.88
2019,1040.882,101.90
2020,1041.407,106.55
2021,1041.914,102.72
2022,1042.434,99.89
2023,1042.964,105.68
2024,1043.495,105.53
2025,1044.012,92.78
2026,1044.524,101.61
2027,1045.048,99.21
2028,1045.556,86.53
2029,1046.088,105.28
2030,1046.624,112.03
2031,1047.137,101.41
2032,1047.638,119.76
2033,1048.144,150.20
2034,1048.661,162.27
2035,1049.177,155.08
2036,1049.691,155.68
2037,1050.208,147.10
2038,1050.747,126.15
2039,1051.258,93.84
2040,1051.803,102.74
2041,1052.321,108.25
2042,1052.863,95.91
2043,1053.399,104.49
2044,1053.907,149.39
2045,1054.433,137.00
2046,1054.950,100.58
2047,1055.471,99.86
2048,1055.999,98.47
2049,1056.518,100.24
2050,1057.047,98.28
2051,1057.567,107.61
2052,1058.079,156.20
2053,1058.597,154.63
2054,1059.113,155.00
2055,1059.631,154.39
2056,1060.155,152.71
2057,1060.659,142.86
2058,1061.180,99.76
2059,1061.698,92.72
2060,1062.245,102.31
2061,1062.786,96.06
2062,1063.319,97.66
2063,1063.836,123.68
2064,1064.337,143.76
2065,1064.863,159.75
2066,1065.383,161.42
2067,1065.886,167.08
2068,1066.393,157.88
2069,1066.897,111.14
2070,1067.415,92.66
2071,1067.943,105.91
2072,1068.476,97.69
2073,1068.996,92.25
2074,1069.522,98.95
2075,1070.047,99.05
2076,1070.563,92.93
2077,1071.087,99.31
2078,1071.605,107.97
2079,1072.119,147.86
2080,1072.641,145.79
2081,1073.141,143.76
2082,1073.659,162.32
2083,1074.159,151.94
2084,1074.680,130.52
2085,1075.219,96.47
2086,1075.741,99.60
2087,1076.252,109.71
2088,1076.766,93.36
2089,1077.279,101.38
2090,1077.793,108.83
2091,1078.322,90.71
2092,1078.840,108.29
2093,1079.377,104.15
2094,1079.884,134.09
2095,1080.391,157.79
2096,1080.902,148.73
2097,1081.412,156.98
2098,1081.926,140.13
2099,1082.443,146.83
2100,1082.948,110.94
2101,1083.457,110.14
2102,1083.961,103.04
2103,1084.485,106.84
2104,1085.008,99.55
2105,1085.515,94.67
2106,1086.036,161.33
2107,1086.542,150.09
2108,1087.054,148.27
2109,1087.571,147.00
2110,1088.087,147.44
2111,1088.611,129.86
2112,1089.129,100.27
2113,1089.646,100.71
2114,1090.163,92.82
2115,1090.666,103.27
2116,1091.189,99.48
2117,1091.706,85.08
2118,1092.231,106.68
2119,1092.773,103.39
2120,1093.304,90.42
2121,1093.844,125.73
2122,1094.350,150.41
2123,1094.868,154.35
2124,1095.386,154.53
2125,1095.892,158.00
2126,1096.398,158.27
2127,1096.911,155.88
2128,1097.427,147.33
2129,1097.929,151.27
2130,1098.457,151.47
2131,1098.977,100.00
2132,1099.518,96.17
2133,1100.022,79.40
2134,1100.526,111.12
2135,1101.059,104.94
2136,1101.560,103.92
2137,1102.088,166.64
2138,1102.593,150.40
2139,1103.102,102.25
2140,1103.645,95.65
2141,1104.163,108.08
2142,1104.702,103.95
2143,1105.213,93.98
2144,1105.716,103.29
2145,1106.240,99.25
2146,1106.753,93.60
2147,1107.255,103.60
2148,1107.787,105.20
2149,1108.296,94.36
2150,1108.814,108.17
2151,1109.327,101.24
2152,1109.856,90.84
2153,1110.371,100.87
2154,1110.873,95.58
2155,1111.398,91.51
2156,1111.915,147.08
2157,1112.421,142.19
2158,1112.948,144.30
2159,1113.453,150.52
2160,1113.972,153.98
2161,1114.474,151.34
2162,1115.002,159.09
2163,1115.511,157.16
2164,1116.027,162.88
2165,1116.532,150.40
2166,1117.036,150.94
2167,1117.537,143.79
2168,1118.058,138.09
2169,1118.577,146.57
2170,1119.079,167.11
2171,1119.596,154.87
2172,1120.123,159.46
2173,1120.631,141.70
2174,1121.154,99.45
2175,1121.693,96.44
2176,1122.200,102.46
2177,1122.745,102.89
2178,1123.277,90.09
2179,1123.793,124.17
2180,1124.303,156.90
2181,1124.815,117.12
2182,1125.340,98.98
2183,1125.840,95.98
2184,1126.357,100.58
2185,1126.867,102.04
2186,1127.374,94.72
2187,1127.895,99.84
2188,1128.412,108.28
2189,1128.937,99.00
2190,1129.446,102.16
2191,1130.021,132.22
2192,1130.532,164.39
2193,1131.039,149.81
2194,1131.546,165.61
2195,1132.057,156.55
2196,1132.566,149.51
2197,1133.074,102.30
2198,1133.582,94.56
2199,1134.106,106.83
2200,1134.607,103.80
2201,1135.115,94.41
2202,1135.629,116.81
2203,1136.158,143.51
2204,1136.672,124.60
2205,1137.190,108.16
2206,1137.710,100.00
2207,1138.248,111.53
2208,1138.775,98.65
2209,1139.280,110.87
2210,1139.798,138.96
2211,1140.310,148.37
2212,1140.845,119.67
2213,1141.372,98.70
2214,1141.887,100.92
2215,1142.393,94.97
2216,1142.899,94.77
2217,1143.419,92.27
2218,1143.924,150.76
2219,1144.445,145.88
2220,1144.955,156.74
2221,1145.458,143.01
2222,1145.976,139.05
2223,1146.491,155.39
2224,1146.992,103.76
2225,1147.499,94.69
2226,1148.030,97.94
2227,1148.537,94.63
2228,1149.047,94.21
2229,1149.549,111.42
2230,1150.057,157.62
2231,1150.574,162.30
2232,1151.099,144.92
2233,1151.610,156.53
2234,1152.119,149.34
2235,1152.628,157.17
2236,1153.142,147.83
2237,1153.651,157.31
2238,1154.164,140.17
2239,1154.684,130.76
2240,1155.187,111.42
2241,1155.690,95.33
2242,1156.206,108.60
2243,1156.721,108.72
2244,1157.244,99.40
2245,1157.761,131.51
2246,1158.275,155.72
2247,1158.787,156.19
2248,1159.293,142.32
2249,1159.809,147.41
2250,1160.328,146.38
2251,1160.854,114.17
2252,1161.427,97.69
2253,1161.955,106.08
2254,1162.478,107.07
2255,1163.001,91.72
2256,1163.513,101.51
2257,1164.032,100.29
2258,1164.552,100.01
2259,1165.066,101.11
2260,1165.576,109.82
2261,1166.084,133.73
2262,1166.600,155.26
2263,1167.106,157.95
2264,1167.622,154.98
2265,1168.131,102.30
2266,1168.658,106.29
2267,1169.181,99.36
2268,1169.698,100.50
2269,1170.216,100.45
2270,1170.720,103.20
2271,1171.230,94.09
2272,1171.752,99.66
2273,1172.261,102.19
2274,1172.765,118.96
2275,1173.295,143.46
2276,1173.812,139.32
2277,1174.337,159.88
2278,1174.851,116.80
2279,1175.375,106.74
2280,1175.893,108.12
2281,1176.398,95.16
2282,1176.928,105.69
2283,1177.494,98.91
2284,1177.995,151.59
2285,1178.496,143.76
2286,1179.005,149.18
2287,1179.584,131.46
2288,1180.117,105.04
2289,1180.643,83.66
2290,1181.183,96.30
2291,1181.707,106.75
2292,1182.224,100.55
2293,1182.726,87.68
2294,1183.259,97.59
2295,1183.780,107.45
2296,1184.308,98.47
2297,1184.811,135.37
2298,1185.331,138.27
2299,1185.844,156.19
2300,1186.359,139.82
2301,1186.864,166.16
2302,1187.387,160.49
2303,1187.890,111.49
2304,1188.393,103.39
2305,1188.900,102.41
2306,1189.436,97.04
2307,1189.937,103.94
2308,1190.482,95.28
2309,1191.017,97.28
2310,1191.557,103.67
2311,1192.099,88.56
2312,1192.607,94.53
2313,1193.116,157.18
2314,1193.634,162.20
2315,1194.136,167.34
2316,1194.649,163.62
2317,1195.156,149.82
2318,1195.674,162.14
2319,1196.190,155.18
2320,1196.702,148.52
2321,1197.222,146.17
2322,1197.733,148.67
2323,1198.241,149.49
2324,1198.758,162.44
2325,1199.264,150.41
2326,1199.766,127.30
2327,1200.273,102.54
2328,1200.775,103.76
2329,1201.285,109.73
2330,1201.794,102.09
2331,1202.333,96.45
2332,1202.838,95.07
2333,1203.363,114.38
2334,1203.870,94.68
2335,1204.370,111.87
2336,1204.890,146.20
2337,1205.393,151.21
2338,1205.893,119.87
2339,1206.396,95.45
2340,1206.918,107.43
2341,1207.450,105.26
2342,1207.952,95.61
2343,1208.478,113.88
2344,1208.985,158.05
2345,1209.491,157.90
2346,1209.995,134.90
2347,1210.499,158.92
2348,1211.009,164.55
2349,1211.513,166.59
2350,1212.043,113.21
2351,1212.556,101.46
2352,1213.081,106.70
2353,1213.594,109.04
2354,1214.102,102.39
2355,1214.629,121.41
2356,1215.148,154.15
2357,1215.655,157.82
2358,1216.171,147.42
2359,1216.672,167.55
2360,1217.173,271.59
2361,1217.681,86.56
2362,1218.202,161.36
2363,1218.712,164.73
2364,1219.229,154.53
2365,1219.754,160.18
2366,1220.273,146.26
2367,1220.775,159.48
2368,1221.283,149.59
2369,1221.786,143.24
2370,1222.299,155.89
2371,1222.809,164.69
2372,1223.323,155.79
2373,1223.831,125.78
2374,1224.352,99.89
2375,1224.869,100.52
2376,1225.397,121.32
2377,1225.926,120.98
2378,1226.432,102.64
2379,1226.948,116.41
2380,1227.449,103.76
2381,1227.978,113.43
2382,1228.484,110.77
2383,1228.987,166.71
2384,1229.489,231.21
2385,1229.995,189.62
2386,1230.503,197.14
2387,1231.006,206.55
2388,1231.512,189.91
2389,1232.036,137.26
2390,1232.552,178.24
2391,1233.067,225.52
2392,1233.577,195.94
2393,1234.082,206.15
2394,1234.586,190.24
2395,1235.090,206.36
2396,1235.600,180.31
2397,1236.104,206.44
2398,1236.617,210.57
2399,1237.118,191.84
2400,1237.632,194.51
2401,1238.142,125.44
2402,1238.653,219.32
2403,1239.154,199.61
2404,1239.666,218.53
2405,1240.221,194.49
2406,1240.731,219.89
2407,1241.244,210.39
2408,1241.753,180.94
2409,1242.255,191.18
2410,1242.757,238.96
2411,1243.267,188.12
2412,1243.775,141.83
2413,1244.276,119.74
2414,1244.780,103.08
2415,1245.284,198.64
2416,1245.789,213.82
2417,1246.296,189.30
2418,1246.803,212.84
2419,1247.309,189.96
2420,1247.823,202.44
2421,1248.335,179.67
2422,1248.843,259.51
2423,1249.352,212.16
2424,1249.862,133.35
2425,1250.379,116.05
2426,1250.884,174.50
2427,1251.388,222.03
2428,1251.905,178.01
2429,1252.411,205.46
2430,1252.914,270.32
2431,1253.417,270.67
2432,1253.919,199.10
2433,1254.428,212.13
2434,1254.930,167.38
2435,1255.471,110.83
2436,1255.996,114.25
2437,1256.509,163.84
2438,1257.027,216.24
2439,1257.544,193.42
2440,1258.053,212.34
2441,1258.561,188.96
2442,1259.062,199.27
2443,1259.570,197.14
2444,1260.082,187.35
2445,1260.596,202.32
2446,1261.103,173.68
2447,1261.622,107.93
2448,1262.147,114.19
2449,1262.656,196.53
2450,1263.189,292.65
2451,1263.690,279.20
2452,1264.197,260.64
2453,1264.708,266.09
2454,1265.216,275.36
2455,1265.726,274.87
2456,1266.233,260.28
2457,1266.736,294.36
2458,1267.245,290.70
2459,1267.748,286.44
2460,1268.279,278.62
2461,1268.784,269.37
2462,1269.294,266.37
2463,1269.805,274.12
2464,1270.321,193.81
2465,1270.826,174.24
2466,1271.327,295.49
2467,1271.838,227.05
2468,1272.354,201.46
2469,1272.869,217.56
2470,1273.387,185.41
2471,1273.890,206.46
2472,1274.403,179.32
2473,1274.906,199.05
2474,1275.414,180.96
2475,1275.924,204.15
2476,1276.431,220.70
2477,1276.934,286.07
2478,1277.435,279.94
2479,1277.941,300.04
2480,1278.450,259.36
2481,1278.951,287.25
2482,1279.454,278.42
2483,1279.964,250.96
2484,1280.465,295.37
2485,1280.972,284.25
2486,1281.472,263.91
2487,1281.975,214.56
2488,1282.491,209.55
2489,1283.004,179.25
2490,1283.511,197.22
2491,1284.017,205.63
2492,1284.524,181.28
2493,1285.029,198.02
2494,1285.537,197.02
2495,1286.053,217.08
2496,1286.565,187.55
2497,1287.075,211.61
2498,1287.586,195.67
2499,1288.100,202.46
2500,1288.600,199.90
2501,1289.102,175.50
2502,1289.612,203.59
2503,1290.115,175.21
2504,1290.627,195.35
2505,1291.135,188.98
2506,1291.646,218.98
2507,1292.170,190.76
2508,1292.673,230.67
2509,1293.185,273.26
2510,1293.701,248.15
2511,1294.212,187.95
2512,1294.716,198.46
2513,1295.230,202.30
2514,1295.736,166.08
2515,1296.240,206.10
2516,1296.752,195.51
2517,1297.260,212.47
2518,1297.775,194.21
2519,1298.279,206.49
2520,1298.794,201.70
2521,1299.304,188.40
2522,1299.821,208.97
2523,1300.335,186.82
2524,1300.846,250.28
2525,1301.354,252.18
2526,1301.857,230.38
2527,1302.372,186.32
2528,1302.878,189.77
2529,1303.439,178.27
2530,1303.940,191.58
2531,1304.449,196.49
2532,1304.957,252.22
2533,1305.461,261.57
2534,1305.975,163.55
2535,1306.492,208.82
2536,1306.993,199.54
2537,1307.508,225.59
2538,1308.024,193.46
2539,1308.534,203.92
2540,1309.095,192.78
2541,1309.601,197.51
2542,1310.111,203.74
2543,1310.621,227.83
2544,1311.127,268.57
2545,1311.635,236.43
2546,1312.148,202.52
2547,1312.659,187.77
2548,1313.163,190.74
2549,1313.677,202.22
2550,1314.183,173.94
2551,1314.685,214.89
2552,1315.196,258.30
2553,1315.701,261.79
2554,1316.211,219.32
2555,1316.718,292.39
